tokino-sora	UCp6993wxpyDPHUpavwDFqgg
roboco-san	UCDqI2jOz0weumE8s7paEk6g
yozora-mel	UCD8HOxPs4Xvsm8H0ZxXGiBw
aki-rosenthal	UCFTLzh12_nrtzqBPsTCqenA
akai-haato	UC1CfXB_kRs3C-zaeTG3oGyg
shirakami-fubuki	UCdn5BQ06XqgXoAxIhbqw5Rg
natsuiro-matsuri	UCQ0UDLQCjY0rmuxCDE38FGg
minato-aqua	UC1opHUrw8rvnsadT-iGp7Cg
murasaki-shion	UCXTpFs_3PqI41qX2d9tL2Rw
nakiri-ayame	UC7fk0CB07ly8oSl0aqKkqFg
yuzuki-choco	UC1suqwovbL1kzsoaZgFZLKg
oozora-subaru	UCvzGlP9oQwU--Y0r9id_jnA
azki	UC0TXe_LYZ4scaW2XMyi5_kw
ookami-mio	UCp-5t9SrOQwXMU7iIjQfARg
sakuramiko	UC-hM6YJuNYVAmUWxeIr9FeA
nekomata-okayu	UCvaTdHTWBGv3MKj3KVqJVCw
inugami-korone	UChAnqc_AY5_I3Px5dig3X1Q
hoshimachi-suisei	UC5CwaMl1eIgY8h02uZw7u8A
usada-pekora	UC1DCedRgGHBdm81E1llLhOQ
shiranui-flare	UCvInZx9h3jC2JzsIzoOebWg
shirogane-noel	UCdyqAaZDKHXg4Ahi7VENThQ
houshou-marine	UCCzUftO8KOVkV4wQG1vkUvg
amane-kanata	UCZlDXzGoo7d44bwdNObFacg
tsunomaki-watame	UCqm3BQLlJfvkTsX_hvm0UmA
tokoyami-towa	UC1uv2Oq6kNxgATlCiez59hw
himemori-luna	UCa9Y57gfeY0Zro_noHRVrnw
yukihana-lamy	UCFKOVgVbGmX65RxO3EtH3iw
momosuzu-nene	UCAWSyEs_Io8MtpY3m-zqILA
shishiro-botan	UCUKD-uaobj9jiqB-VXt71mA
omaru-polka	UCK9V2B22uJYu3N7eR_BT9QA
la-darknesss	UCENwRMx5Yh42zWpzURebzTw
takane-lui	UCs9_O1tRPMQTHQ-N_L6FU2g
hakui-koyori	UC6eWCld0KwmyHFbAqK3V-Rw
sakamata-chloe	UCIBY1ollUsauvVi4hW4cumw
kazama-iroha	UC_vMYWcDjmfdpH6r4TTn1MQ
ayunda-risu	UCOyYb1c43VlX9rc_lT6NKQw
moona-hoshinova	UCP0BspO_AMEe3aQqqpo89Dg
airani-iofifteen	UCAoy6rzhSf4ydcYjJw3WoVg
kureiji-ollie	UCYz_5n-uDuChHtLo7My1HnQ
anya-melfissa	UC727SQYUvx5pDDGQpTICNWg
pavolia-reine	UChgTyjG-pdNvxxhdsXfHQ5Q
vestia-zeta	UCTvHWSfBZgtxE4sILOaurIQ
kaela-kovalskia	UCZLZ8Jjx_RN2CXloOmgTHVg
kobo-kanaeru	UCjLEmnpCNeisMxy134KPwWw
mori-calliope	UCL_qhgtOy0dy1Agp8vkySQg
takanashi-kiara	UCHsx4Hqa-1ORjQTh9TYDhww
ninomae-inanis	UCMwGHR0BTZuLsmjY_NT5Pwg
gawr-gura	UCoSrY_IQQVpmIRZ9Xf-y93g
watson-amelia	UCyl1z3jo3XHR1riLFKG5UAg
irys	UC8rcEBzJSleTkf_-agPM20g
tsukumo-sana	UCsUj0dszADCGbF3gNrQEuSQ
ceres-fauna	UCO_aKKYxn4tvrqPjcTzZ6EQ
ouro-kronii	UCmbs8T6MWqUHP1tIQvSgKrg
nanashi-mumei	UC3n5uGu18FoCy23ggWWp8tA
hakos-baelz	UCgmPnx-EEeOrZSg5Tiw7ZRQ
kiryu-coco	UCS9uQI-jC3DE0L4IpXyvr6w

